TILGANG2,ANVENDELSE,TID,P_M,M
01000,01000,1967,0.20578197885782148,9973.753589921485
01000,01000,1968,0.18727726469745423,9578.77504995578
01000,01000,1969,0.19717400963768256,8449.1611452551
01000,01000,1970,0.21585382382572496,9849.36346649468
01000,01000,1971,0.217364601250279,10241.200057894586
01000,01000,1972,0.24194241589561674,9245.244678294257
01000,01000,1973,0.3084964705187002,10873.025250917875
01000,01000,1974,0.3430746790639215,10092.226899132487
01000,01000,1975,0.37151263381636107,10054.181567532207
01000,01000,1976,0.451601690294118,11020.90158272298
01000,01000,1977,0.4913049699404224,10739.884588209905
01000,01000,1978,0.5196564439103786,10644.298646167026
01000,01000,1979,0.5604136184101879,11417.397513775752
01000,01000,1980,0.6292511585231155,11511.179166228658
01000,01000,1981,0.7051539422086416,11833.780216249615
01000,01000,1982,0.7932264119000366,10876.492394704526
01000,01000,1983,0.859017459745747,10729.314208941636
01000,01000,1984,0.8540664136140408,10339.958359174954
01000,01000,1985,0.881544584874696,10743.491533782755
01000,01000,1986,0.9247967311000547,9777.879617882152
01000,01000,1987,0.9641466915573271,10058.95795112705
01000,01000,1988,0.8641353890538201,8312.47070877832
01000,01000,1989,0.8773957793136107,8025.013431660113
01000,01000,1990,0.8637716648791264,8198.89910354145
01000,01000,1991,0.8672524569836155,7684.684462785474
01000,01000,1992,0.858932057706239,9081.359021658767
01000,01000,1993,0.7616643006741602,11172.214116359297
01000,01000,1994,0.7555446741810888,10794.143652246741
01000,01000,1995,0.7788554384105646,11334.512782295575
01000,01000,1996,0.7723216368710875,11809.521022627609
01000,01000,1997,0.7724940042272849,11852.867198212642
01000,01000,1998,0.7402787159629675,12066.196432931538
01000,01000,1999,0.7366776507170141,13202.726433506374
01000,01000,2000,0.7687120391182876,13100.071397499503
01000,01000,2001,0.769766633411394,12969.175812782496
01000,01000,2002,0.7630494333969396,10344.947672345043
01000,01000,2003,0.772779311204258,9838.296119116032
01000,01000,2004,0.8027695363529826,9457.351877814126
01000,01000,2005,0.664337361298653,8913.428314859848
01000,01000,2006,0.691805974010415,8796.341528673696
01000,01000,2007,0.8557243141618863,8584.54273023893
01000,01000,2008,0.9559524403282126,8366.857442021237
01000,01000,2009,0.8207798470052505,9294.350145748698
01000,01000,2010,0.8263488793567917,8661.267724803698
01000,01000,2011,0.9333872729698248,10273.042939586681
01000,01000,2012,0.9674561062865473,10070.525620161043
01000,01000,2013,0.9559548046262678,9625.728085526322
01000,01000,2014,0.9039523944755001,9542.171685671208
01000,01000,2015,0.9096190775015147,9980.989388460357
01000,01000,2016,0.8914335046193776,10022.968808465492
01000,01000,2017,0.9093904902858511,10680.912938201795
01000,01000,2018,0.92947922682042,11001.903944908096
01000,01000,2019,0.9901658943618428,10415.586826734063
01000,01000,2020,1.0,9706.781258229632
01000,01000,2021,1.0368614473819349,10705.25062205981
01000,01000,2022,1.1272234114961928,12593.205121999497
01000,10120,1967,0.27846650197751066,30567.574792627696
01000,10120,1968,0.2796277076336597,28967.627901767224
01000,10120,1969,0.3015016270352893,28263.89690197121
01000,10120,1970,0.3212202941784581,29515.203190371038
01000,10120,1971,0.3153084609980291,29674.517293382647
01000,10120,1972,0.3569381631983054,28824.534186180354
01000,10120,1973,0.47657863754077323,30557.349234466594
01000,10120,1974,0.49061920031503314,30041.29471585267
01000,10120,1975,0.52391500963253,30489.763399801337
01000,10120,1976,0.5914061494754376,30974.214570897373
01000,10120,1977,0.6360489287456175,31285.210931513313
01000,10120,1978,0.6714453028156815,33278.66340869583
01000,10120,1979,0.6746862989323997,34351.998067173015
01000,10120,1980,0.7373400974955447,35051.23415568289
01000,10120,1981,0.8370523652235556,34949.99599450792
01000,10120,1982,0.9435629571920517,35364.296917943946
01000,10120,1983,0.9633134311608507,37071.27902061608
01000,10120,1984,1.0173635775726313,36779.61904580954
01000,10120,1985,0.9989975573807663,37035.74258303223
01000,10120,1986,0.9393723089144792,38784.29179048426
01000,10120,1987,0.8906398974932602,37648.11991711907
01000,10120,1988,0.9438021188374153,36467.395640581635
01000,10120,1989,1.0560307856678404,36537.12657055698
01000,10120,1990,0.9654810111591927,37571.6464807926
01000,10120,1991,0.9395182718607795,38317.458275338184
01000,10120,1992,0.9491784782772279,40526.28790472496
01000,10120,1993,0.8214067985554273,43738.00273578457
01000,10120,1994,0.8232646053403191,44831.58598231727
01000,10120,1995,0.8371725151574847,44228.2790893415
01000,10120,1996,0.8602600613043733,44614.44122084311
01000,10120,1997,0.8748953824387006,45164.697129774635
01000,10120,1998,0.7605875802567913,46553.93919680448
01000,10120,1999,0.7191590024860848,46824.79849222137
01000,10120,2000,0.8094070178574004,46362.223685462646
01000,10120,2001,0.8820487122945665,46631.19680742559
01000,10120,2002,0.7766785428144632,51221.110792814514
01000,10120,2003,0.7242682581037676,53120.00204922644
01000,10120,2004,0.7492962927956093,53555.81375855556
01000,10120,2005,0.7229580916835864,52059.1919522846
01000,10120,2006,0.7431829764883209,51750.35863088736
01000,10120,2007,0.7696644559365078,52525.78307313865
01000,10120,2008,0.872972610153609,51826.89712934389
01000,10120,2009,0.7922659232822976,46323.312927813924
01000,10120,2010,0.8463089120855128,47226.259722805735
01000,10120,2011,0.9358528964371187,47013.54523926585
01000,10120,2012,1.005799529803268,45765.38857126475
01000,10120,2013,1.0341744869619898,46280.76782982755
01000,10120,2014,0.9763467118389625,47218.58497452848
01000,10120,2015,0.8631791196293026,47963.68797409823
01000,10120,2016,0.8681809717689478,46484.05105697936
01000,10120,2017,0.9828226849617505,46577.8524141476
01000,10120,2018,0.9143724125354395,46933.62306074127
01000,10120,2019,0.9826410696849414,47334.37231897601
01000,10120,2020,1.0,48647.10464413668
01000,10120,2021,0.967648277552172,49436.35232117549
01000,10120,2022,1.2304078023716816,48410.17947970307
01000,Privat,1967,0.26187969812485146,43500.080066840004
01000,Privat,1968,0.26037357099315905,40992.48344977326
01000,Privat,1969,0.2794686809439168,39495.570960002064
01000,Privat,1970,0.30029962793172027,42068.995169742324
01000,Privat,1971,0.29838857031414073,42509.84599291895
01000,Privat,1972,0.33377334891086363,40673.033299577815
01000,Privat,1973,0.4294035892986155,43927.62649941935
01000,Privat,1974,0.45035181014780357,42773.232798159224
01000,Privat,1975,0.48440344133495583,43235.39565407758
01000,Privat,1976,0.5557066553720919,44714.32397985597
01000,Privat,1977,0.600405583463217,44920.77161751969
01000,Privat,1978,0.6328419886985874,46948.07991603533
01000,Privat,1979,0.6462411484641164,48513.017995107984
01000,Privat,1980,0.7083578971583858,49492.88281819183
01000,Privat,1981,0.7987687443575692,49655.64629962165
01000,Privat,1982,0.9002516905123125,49267.948025584
01000,Privat,1983,0.9330763610393673,50768.82029275699
01000,Privat,1984,0.9714447600296692,50172.194860119904
01000,Privat,1985,0.967675181295734,50908.562745503645
01000,Privat,1986,0.935728453158118,51864.659101513156
01000,Privat,1987,0.9128124172973991,50945.985153484864
01000,Privat,1988,0.934015525319587,47849.12146209869
01000,Privat,1989,1.0152754486827198,48004.73153499318
01000,Privat,1990,0.9409625118717487,48776.90773441775
01000,Privat,1991,0.9192613406526459,49314.801676891875
01000,Privat,1992,0.9274061202058661,52994.59327373578
01000,Privat,1993,0.8172926164340417,59052.94438123601
01000,Privat,1994,0.8200486875797974,59752.98987567023
01000,Privat,1995,0.8426091640117849,59330.453250748826
01000,Privat,1996,0.8591442895380571,60393.46021114826
01000,Privat,1997,0.8733484933148894,60393.22048238065
01000,Privat,1998,0.7798175221616322,62514.432205031306
01000,Privat,1999,0.7446994788756555,64099.73157372287
01000,Privat,2000,0.8158771512104201,63481.89827906747
01000,Privat,2001,0.872004550182472,63714.204025760046
01000,Privat,2002,0.7940340789983301,66153.07012332049
01000,Privat,2003,0.7547463898780226,67747.63857863666
01000,Privat,2004,0.7791606901976995,67520.26846910089
01000,Privat,2005,0.7188469985374258,65222.659652845956
01000,Privat,2006,0.7421017550348928,64739.56384413941
01000,Privat,2007,0.7862156080448923,65554.84426784943
01000,Privat,2008,0.883550884046986,64718.336154871045
01000,Privat,2009,0.7958508220078019,60189.23410525528
01000,Privat,2010,0.843193342698179,60024.463326507874
01000,Privat,2011,0.936134136219874,60859.5246594398
01000,Privat,2012,0.9947736107482927,59448.858652281226
01000,Privat,2013,1.0167554136052859,59664.56291309578
01000,Privat,2014,0.9632791478802517,60631.3649984818
01000,Privat,2015,0.8726217043320399,62308.5570173311
01000,Privat,2016,0.8738912059082659,60838.26187936529
01000,Privat,2017,0.9686601707473587,61678.384547652
01000,Privat,2018,0.9208243864724274,62486.74963400198
01000,Privat,2019,0.9879328220076751,62239.30382335756
01000,Privat,2020,1.0,62667.94698030779
01000,Privat,2021,0.9816737224891233,65789.02032791091
01000,Privat,2022,1.2035657383602982,66327.25282042423
01000,REST,1967,0.24698052130469544,2356.164574414493
01000,REST,1968,0.2513702399935968,1816.7595812646382
01000,REST,1969,0.2644041632240722,1922.366102886181
01000,REST,1970,0.27598685812452045,2079.9751101537904
01000,REST,1971,0.25815192243195123,2165.0137271730796
01000,REST,1972,0.29019528207399237,1939.592085813031
01000,REST,1973,0.3294701447465982,2069.8996828360027
01000,REST,1974,0.37364657361019105,2118.2551742162227
01000,REST,1975,0.3592654630658378,2035.0810974352578
01000,REST,1976,0.47017648945335183,2343.400316345693
01000,REST,1977,0.554156879595654,2578.359577112269
01000,REST,1978,0.5044472728238314,2476.014918150301
01000,REST,1979,0.5355168381088606,2161.525119535226
01000,REST,1980,0.5858511609884198,2341.3368220441494
01000,REST,1981,0.6249187639317655,2355.814384506817
01000,REST,1982,0.6807347503565495,2415.9776667597002
01000,REST,1983,0.7376750172777965,2172.2753352167256
01000,REST,1984,0.8285085333434318,2169.028474026647
01000,REST,1985,0.8131492524253277,2274.1024639064567
01000,REST,1986,0.768811804473256,2424.976555418309
01000,REST,1987,0.704557558445311,2376.4708379870294
01000,REST,1988,0.6984721599227747,2449.121949573695
01000,REST,1989,0.7055579401288611,2988.1692247160263
01000,REST,1990,0.627470798644412,2293.947220433167
01000,REST,1991,0.6174725026835572,2702.7183068067066
01000,REST,1992,0.5982990977343158,2754.152696383882
01000,REST,1993,0.6196328366385097,3548.38100512622
01000,REST,1994,0.7010143662156059,3334.8300715505666
01000,REST,1995,0.8033505893208329,2996.136002661157
01000,REST,1996,0.7583797527045713,3226.982004502304
01000,REST,1997,0.808885667665845,2542.5485625793444
01000,REST,1998,0.7710838751412697,3094.8505049625483
01000,REST,1999,0.7227560605167156,3253.7664973634737
01000,REST,2000,0.7418927030550589,3289.4377739209667
01000,REST,2001,0.7485111254623205,3363.6386807072545
01000,REST,2002,0.7832296530411581,3638.107374986555
01000,REST,2003,0.7678900644144676,3807.7564190561843
01000,REST,2004,0.7571642630191712,3469.626652395856
01000,REST,2005,0.7982624158815578,3263.7414437239822
01000,REST,2006,0.8236376858608422,3236.5334602003654
01000,REST,2007,0.8762393675860985,3404.9610527959267
01000,REST,2008,0.9280626365497061,3602.1844962578934
01000,REST,2009,0.8456889826551397,3520.026668347934
01000,REST,2010,0.8828960302990209,3186.295067870228
01000,REST,2011,1.0404376095706263,2522.656954698499
01000,REST,2012,1.0842299548108711,2636.81782596662
01000,REST,2013,1.011663571850952,2772.9416221753013
01000,REST,2014,1.0007578468587757,2869.090832612418
01000,REST,2015,0.9544626023932926,3426.146444127215
01000,REST,2016,0.9596221764621075,3405.414735124769
01000,REST,2017,0.9888960168978572,3527.534323125643
01000,REST,2018,1.0243626916206394,3658.968335570643
01000,REST,2019,1.0620273018133597,3610.186039082029
01000,REST,2020,1.0,3431.115392664384
01000,REST,2021,1.027427609856746,4745.414388637028
01000,REST,2022,1.1799018209344332,4359.348055678131
10120,01000,1967,0.24634252479402413,5777.343290086048
10120,01000,1968,0.24677547439206465,5597.360229531087
10120,01000,1969,0.25096678842242703,5851.574595101073
10120,01000,1970,0.2701852476512437,5835.053925404349
10120,01000,1971,0.27769913155637826,5524.423731505708
10120,01000,1972,0.28944143472950956,5841.584014915602
10120,01000,1973,0.4044459019739032,6214.535606851995
10120,01000,1974,0.4200072040691745,6077.269850492907
10120,01000,1975,0.38456141868241117,7300.190565665541
10120,01000,1976,0.4389210747111096,8194.205952156744
10120,01000,1977,0.5141316952439532,8149.719701936553
10120,01000,1978,0.463623610161524,9362.245691575441
10120,01000,1979,0.4906185254197892,9990.27042925317
10120,01000,1980,0.5743875331499996,9429.986644615667
10120,01000,1981,0.7031712107713618,9027.906841153786
10120,01000,1982,0.7380418822691596,10181.415564765086
10120,01000,1983,0.7814642948906861,10246.930441423397
10120,01000,1984,0.843639583155846,9712.477842419023
10120,01000,1985,0.7208331855770815,9928.047879366419
10120,01000,1986,0.6506611416012196,9976.830592808956
10120,01000,1987,0.5944687474500264,10100.691003405156
10120,01000,1988,0.7036628580921499,8997.285180923074
10120,01000,1989,0.7597122209044628,9251.595932362115
10120,01000,1990,0.6346226440822436,9804.897325747057
10120,01000,1991,0.6334694171094074,9655.894937731111
10120,01000,1992,0.6505811273063414,9452.824153847112
10120,01000,1993,0.6450614603597188,10398.575677940102
10120,01000,1994,0.6209296620549483,10268.857430238539
10120,01000,1995,0.5887380614458202,9755.81651767558
10120,01000,1996,0.6861773227798512,8583.217463918138
10120,01000,1997,0.7365113029375842,8759.758463122282
10120,01000,1998,0.6108227997691803,9382.893960077483
10120,01000,1999,0.545362146706734,8546.823161245737
10120,01000,2000,0.6715471184563648,8459.544124828979
10120,01000,2001,0.7335817753022279,8286.347971834582
10120,01000,2002,0.7353583551323629,13350.495974993986
10120,01000,2003,0.7289129795961353,13872.950681236962
10120,01000,2004,0.730238160686398,14770.48127642706
10120,01000,2005,0.7728002495224788,14142.583170756161
10120,01000,2006,0.7772748573856407,13901.465454677642
10120,01000,2007,0.8866633716736227,14883.59732125776
10120,01000,2008,0.9983628343078743,14605.898593745296
10120,01000,2009,0.8972712405642556,15342.053263308
10120,01000,2010,0.900942732823533,15323.377091511768
10120,01000,2011,0.9710418291748671,14966.899718313263
10120,01000,2012,1.0648802253210443,14337.043455503213
10120,01000,2013,1.1529491773565896,14338.47064643903
10120,01000,2014,1.0831112146424327,14620.934378090258
10120,01000,2015,1.0199060502934902,16017.827184986203
10120,01000,2016,0.980078447226959,16733.23500459715
10120,01000,2017,0.9614454785172896,16286.005754493772
10120,01000,2018,0.996223285447899,16767.057263741397
10120,01000,2019,0.9771803130649775,16092.061771777053
10120,01000,2020,1.0,17223.259809089057
10120,01000,2021,1.0905626233695946,16308.253748099638
10120,01000,2022,1.3533633866166492,16502.331600825946
10120,10120,1967,0.23989592407894608,13041.078492900457
10120,10120,1968,0.23072981353456254,15492.226163801077
10120,10120,1969,0.25019532007693285,15619.938840084622
10120,10120,1970,0.26789596114890246,16686.350832646236
10120,10120,1971,0.26471761486787804,18135.93398985739
10120,10120,1972,0.28918139176538765,19461.70371154601
10120,10120,1973,0.3898986958160123,18246.71338474413
10120,10120,1974,0.420106723417111,19625.61222448864
10120,10120,1975,0.442083740204847,18897.484354188695
10120,10120,1976,0.48503583863426597,20646.75070127067
10120,10120,1977,0.520119969030485,22399.818360881996
10120,10120,1978,0.5558576952604314,23162.679659897833
10120,10120,1979,0.5414526076393318,28370.52176466207
10120,10120,1980,0.5903951851100813,30507.886944644906
10120,10120,1981,0.6689842360767125,31087.488754208916
10120,10120,1982,0.7408291853330013,26328.72865646793
10120,10120,1983,0.7673966118149865,21302.298472067665
10120,10120,1984,0.8345790296286614,22334.156360485846
10120,10120,1985,0.8323339726555893,26844.88350631557
10120,10120,1986,0.7712697018978916,29101.201736123876
10120,10120,1987,0.7406789354017331,29203.463566278013
10120,10120,1988,0.7519272953404016,29191.534894814045
10120,10120,1989,0.8165380129982629,28020.92819685802
10120,10120,1990,0.7855523627088095,30716.19687007557
10120,10120,1991,0.7687694809199539,29680.88285243819
10120,10120,1992,0.7811538305311886,31937.545492780755
10120,10120,1993,0.7194903116128082,35098.6028029242
10120,10120,1994,0.7396612110774682,33865.24085319704
10120,10120,1995,0.7407304775444504,33994.064744565294
10120,10120,1996,0.7420104518590607,28600.536010936292
10120,10120,1997,0.7557717920206075,26902.595383647124
10120,10120,1998,0.7288055079976716,28888.813584113308
10120,10120,1999,0.6852805508120208,25974.616948894472
10120,10120,2000,0.7079247294039659,27511.084130260344
10120,10120,2001,0.7437630631737616,28490.929572618574
10120,10120,2002,0.7390540264700104,28335.129281257214
10120,10120,2003,0.7247424730327062,30666.974454739386
10120,10120,2004,0.7371103440240544,31399.96064309326
10120,10120,2005,0.7815007771914665,33278.16294849368
10120,10120,2006,0.7893468660993993,34384.82661386337
10120,10120,2007,0.8358067516778896,34587.116960275445
10120,10120,2008,0.885783746378991,33954.94307652597
10120,10120,2009,0.8312613195169318,33826.42930396246
10120,10120,2010,0.8894836443640967,30505.90409742857
10120,10120,2011,0.9580390382473047,30612.99228728049
10120,10120,2012,0.9932805322190524,31114.221645439226
10120,10120,2013,0.9946091847684575,32052.256783791967
10120,10120,2014,0.9699468031160189,32292.52292194072
10120,10120,2015,0.9520517467977455,33711.53372637664
10120,10120,2016,0.9605343087675176,31580.292830530212
10120,10120,2017,0.9792148398730431,32617.89182931436
10120,10120,2018,0.9585611724972213,33241.97730247332
10120,10120,2019,0.9760152800033456,34141.813844571116
10120,10120,2020,1.0,35038.0106483034
10120,10120,2021,1.0421204375786515,35168.973131218314
10120,10120,2022,1.246264093273303,35365.72482568025
10120,Privat,1967,0.22937537261672378,25388.91969255009
10120,Privat,1968,0.22519646769254928,27832.306672524806
10120,Privat,1969,0.23873370940549696,28924.293083454602
10120,Privat,1970,0.25704619139226,30496.12030896916
10120,Privat,1971,0.2602324027577993,31516.883087219685
10120,Privat,1972,0.2791490654005879,33943.22437355892
10120,Privat,1973,0.3631732810196276,33154.82904300597
10120,Privat,1974,0.3934893995878069,34333.783706905306
10120,Privat,1975,0.4058580513776154,35234.18449390831
10120,Privat,1976,0.44480756634189766,38577.06864813657
10120,Privat,1977,0.486306182724277,40436.3760821549
10120,Privat,1978,0.5020632277718956,42673.14223029539
10120,Privat,1979,0.5037280996968959,49538.03794061765
10120,Privat,1980,0.5554854939428557,51597.32153007014
10120,Privat,1981,0.6362944314183712,51666.43830502607
10120,Privat,1982,0.6969279388585302,47864.31641184573
10120,Privat,1983,0.731190971616535,43515.63940067625
10120,Privat,1984,0.7894503646803122,44432.75152420486
10120,Privat,1985,0.7689896475049827,49949.04025836246
10120,Privat,1986,0.7216720041773379,52990.13335236734
10120,Privat,1987,0.6968475262336473,52805.73236260088
10120,Privat,1988,0.726891779200202,52637.21632020353
10120,Privat,1989,0.7781938905672159,51621.39376050732
10120,Privat,1990,0.7356287332887037,55074.90884012431
10120,Privat,1991,0.728993827853844,54655.79683011555
10120,Privat,1992,0.7451396121265307,58948.12506793949
10120,Privat,1993,0.7077480023811512,64801.41887739123
10120,Privat,1994,0.7162594580730974,63497.03727341187
10120,Privat,1995,0.7139543017190562,64169.382240020124
10120,Privat,1996,0.7341297572848237,56093.28427907819
10120,Privat,1997,0.7537802533061152,54451.95601073698
10120,Privat,1998,0.7226334537442722,58744.32612728748
10120,Privat,1999,0.6880070575163162,55536.84154250942
10120,Privat,2000,0.7209005677120887,57226.908310200015
10120,Privat,2001,0.7577139563315668,58438.36705456009
10120,Privat,2002,0.7589567544876882,63332.80599540314
10120,Privat,2003,0.7505413730492386,65226.19471692819
10120,Privat,2004,0.760132094285343,68761.74497374744
10120,Privat,2005,0.7860247993773799,70414.81366947245
10120,Privat,2006,0.7979419019050312,71992.11742799023
10120,Privat,2007,0.8539140180310373,74810.41586864478
10120,Privat,2008,0.9162602857221113,70586.95245261138
10120,Privat,2009,0.8613557437049918,69589.48506601003
10120,Privat,2010,0.8983658425536108,64876.33422130927
10120,Privat,2011,0.9624191023199503,64458.91815963108
10120,Privat,2012,1.0046849973727532,64552.00387778955
10120,Privat,2013,1.0245143617992243,66586.07532157075
10120,Privat,2014,0.9921241901741312,69921.10910791189
10120,Privat,2015,0.9693986592434851,72831.96018222734
10120,Privat,2016,0.9662736735515431,70528.90531044618
10120,Privat,2017,0.9753754849534626,72068.38099923225
10120,Privat,2018,0.9721186980552705,74419.80318838765
10120,Privat,2019,0.9818201264480844,75908.19616239132
10120,Privat,2020,1.0,76076.28477426925
10120,Privat,2021,1.0435038823978686,75544.71087695775
10120,Privat,2022,1.2325921396783677,77580.91733188463
10120,REST,1967,0.16941178488211775,8637.68282601745
10120,REST,1968,0.16997394445629188,8696.416694034753
10120,REST,1969,0.17698583964170594,9657.945877626507
10120,REST,1970,0.190159201725423,10070.88228559055
10120,REST,1971,0.19912787986848174,10152.436215476659
10120,REST,1972,0.21342016105926434,11490.278958876012
10120,REST,1973,0.2535833761597021,11513.338326337343
10120,REST,1974,0.29008156735931956,11267.319446266813
10120,REST,1975,0.31410184584200196,11600.014265909138
10120,REST,1976,0.3345811334433757,12176.678894546634
10120,REST,1977,0.36361112818125246,12331.137478128752
10120,REST,1978,0.3918027817838086,12668.578779568114
10120,REST,1979,0.4151880459678749,13225.545569031985
10120,REST,1980,0.45174369545749216,13927.130129023693
10120,REST,1981,0.505026331587258,13676.332540345478
10120,REST,1982,0.5614545799032585,13406.67430129948
10120,REST,1983,0.5960594740510822,15078.402328805654
10120,REST,1984,0.6337038213790988,15294.739385726174
10120,REST,1985,0.6484673826156716,16253.174586747604
10120,REST,1986,0.6373272207153697,17364.325680512975
10120,REST,1987,0.6387781377042984,17489.88643770897
10120,REST,1988,0.653007577649344,18333.311883042807
10120,REST,1989,0.6857268331248365,18432.108490994222
10120,REST,1990,0.6761445504780207,18471.603694737758
10120,REST,1991,0.6875445500325479,19205.982070461676
10120,REST,1992,0.7054267815110354,20848.56634574102
10120,REST,1993,0.6924392982816258,21407.355679733955
10120,REST,1994,0.6987050844526836,21693.813839858827
10120,REST,1995,0.7021069816997477,22807.105091780566
10120,REST,1996,0.7109335825922972,21881.231875914313
10120,REST,1997,0.722261865443387,22012.160640146667
10120,REST,1998,0.7281545548154227,23816.322542637416
10120,REST,1999,0.7210387812048811,24509.325115496795
10120,REST,2000,0.7331932561146335,24887.24611799657
10120,REST,2001,0.7580981789535546,25422.669235600526
10120,REST,2002,0.7684387376321564,25080.695724203495
10120,REST,2003,0.7678245771030074,23938.8364152724
10120,REST,2004,0.7796591749103142,25781.386594741965
10120,REST,2005,0.7940812057485143,26550.42116531811
10120,REST,2006,0.8134530876519337,26802.30467002527
10120,REST,2007,0.8517386153311421,28563.637754073214
10120,REST,2008,0.903153322070891,25055.380284166127
10120,REST,2009,0.8807041116229344,23800.297243141453
10120,REST,2010,0.9075253142859522,21940.903650823988
10120,REST,2011,0.9626032490261108,21426.767593213153
10120,REST,2012,0.9826539307120623,21663.060604732476
10120,REST,2013,0.977189507383513,22958.324000250617
10120,REST,2014,0.9592611294158496,25973.237363881573
10120,REST,2015,0.9598261973330552,25857.519641807983
10120,REST,2016,0.9678019788688573,24743.997123917612
10120,REST,2017,0.9809688066659892,25628.76821038303
10120,REST,2018,0.9764530909357156,26962.929329128903
10120,REST,2019,0.994524108559683,28505.59513803706
10120,REST,2020,1.0,26905.081866709555
10120,REST,2021,1.0135983534605029,26306.569638123063
10120,REST,2022,1.133344109445561,29030.566732534153
Privat,01000,1967,0.1723811216704317,38127.03602409997
Privat,01000,1968,0.17174676794597565,37650.42276089155
Privat,01000,1969,0.17680383873533223,36650.82046972757
Privat,01000,1970,0.18941710550556629,38511.465832545655
Privat,01000,1971,0.1954877520342683,39054.26476100651
Privat,01000,1972,0.21321015398203835,39070.3280208938
Privat,01000,1973,0.2637718135765702,42238.20874749898
Privat,01000,1974,0.3017045774991766,39732.04632451717
Privat,01000,1975,0.3210108387853642,40336.27938630226
Privat,01000,1976,0.35613469966950073,44186.534194365944
Privat,01000,1977,0.3878709068464164,43739.6563179794
Privat,01000,1978,0.3948619602200026,46737.981992002344
Privat,01000,1979,0.4273146381697709,49236.27586163233
Privat,01000,1980,0.4880083162890064,48056.40423779833
Privat,01000,1981,0.5637296765117813,47078.23110942177
Privat,01000,1982,0.6197692837427591,48165.310491433935
Privat,01000,1983,0.6587564289428396,48743.02545124877
Privat,01000,1984,0.6822960823589407,48632.4143835074
Privat,01000,1985,0.667486525734854,49551.383362903725
Privat,01000,1986,0.655018465873162,48433.76731817047
Privat,01000,1987,0.627014711993646,50740.69460380369
Privat,01000,1988,0.6442320761110125,47636.17180388803
Privat,01000,1989,0.6833739497715059,46413.22284149569
Privat,01000,1990,0.6521264186506974,48087.6394114754
Privat,01000,1991,0.66081189817934,46417.81593762467
Privat,01000,1992,0.6665045141966979,48107.511389459716
Privat,01000,1993,0.6300377370178177,53007.28042521835
Privat,01000,1994,0.632509779981763,51002.6650719236
Privat,01000,1995,0.6367490514525618,49819.135781917495
Privat,01000,1996,0.653517419782931,49082.20762145945
Privat,01000,1997,0.672240471098174,50744.52356439861
Privat,01000,1998,0.6331391753284812,52025.3504097353
Privat,01000,1999,0.6226831573559514,52882.454164426505
Privat,01000,2000,0.6685711002111122,51212.64539166463
Privat,01000,2001,0.6986466716935635,49413.754957296995
Privat,01000,2002,0.7149122736611205,51587.127365582804
Privat,01000,2003,0.7201275428831366,50180.94991273052
Privat,01000,2004,0.7327121900685136,50437.00186326003
Privat,01000,2005,0.7568612430614425,49829.763454892236
Privat,01000,2006,0.7693266065722525,50304.412858757496
Privat,01000,2007,0.8474071772656588,50503.10176407772
Privat,01000,2008,0.9490528653685909,51180.9699879142
Privat,01000,2009,0.8922457759994822,52014.54017441404
Privat,01000,2010,0.9145502118714965,51015.51005760279
Privat,01000,2011,0.9840665705470898,51841.585809335986
Privat,01000,2012,1.0193647238426333,51037.83234634456
Privat,01000,2013,1.0369486796498348,51885.05276388063
Privat,01000,2014,1.0149115107815225,51184.9426695067
Privat,01000,2015,0.997743780178787,53749.17714832459
Privat,01000,2016,0.960439690037257,54047.51550650933
Privat,01000,2017,0.9692518627500546,54570.56063608375
Privat,01000,2018,0.9963932597680782,54271.25634617669
Privat,01000,2019,1.0089586303080167,51480.98731607844
Privat,01000,2020,1.0,53326.43131278246
Privat,01000,2021,1.0767327111970146,53569.140194765234
Privat,01000,2022,1.31181519380869,54241.03198645044
Privat,10120,1967,0.22914611441997984,60838.674708921666
Privat,10120,1968,0.22826486886259084,63019.14996185223
Privat,10120,1969,0.2453930159507625,62567.710794660845
Privat,10120,1970,0.26204618414543107,65958.1650098226
Privat,10120,1971,0.2601178705697344,69137.2868479487
Privat,10120,1972,0.28892900590668863,70193.9117683059
Privat,10120,1973,0.37997274866539865,70721.2923803067
Privat,10120,1974,0.41128169403096115,72560.4205501538
Privat,10120,1975,0.4290615862349672,71813.8816081124
Privat,10120,1976,0.4783062360937458,75429.62233208011
Privat,10120,1977,0.5180766054216434,77549.21760050194
Privat,10120,1978,0.5455475412338184,81039.07482247958
Privat,10120,1979,0.5490150629308052,88725.66426539893
Privat,10120,1980,0.6070226253451552,93214.22274880159
Privat,10120,1981,0.6889633133461192,93826.71033008416
Privat,10120,1982,0.7635306884088492,90516.79141093139
Privat,10120,1983,0.7921295640012901,87410.31856988046
Privat,10120,1984,0.8395273761165287,89397.24809980454
Privat,10120,1985,0.8362229270106252,94193.80106469299
Privat,10120,1986,0.7874353105206723,100279.97120719937
Privat,10120,1987,0.7567888760188043,100492.72256354876
Privat,10120,1988,0.7844904219203669,98644.63658709476
Privat,10120,1989,0.8607899976568,97942.33364847902
Privat,10120,1990,0.8252742011541135,103341.47305132812
Privat,10120,1991,0.8155328044268383,104120.2341762516
Privat,10120,1992,0.8184428578647255,108835.68934639981
Privat,10120,1993,0.7494122337228152,115481.50749502346
Privat,10120,1994,0.762227093391789,116883.72506257184
Privat,10120,1995,0.7725568991402187,114454.321047127
Privat,10120,1996,0.783498358700571,109925.04298448209
Privat,10120,1997,0.7979059444476128,108771.95409260818
Privat,10120,1998,0.7489389273510026,112781.6869725543
Privat,10120,1999,0.7182863705559207,111013.98077256072
Privat,10120,2000,0.7669624812002821,112403.19741000888
Privat,10120,2001,0.8152393590239221,113755.59440374996
Privat,10120,2002,0.7686531712297938,120278.60824453803
Privat,10120,2003,0.742804662889199,124320.58569399813
Privat,10120,2004,0.7583098410081179,125175.41436434035
Privat,10120,2005,0.7767247625145158,128016.72471470201
Privat,10120,2006,0.7930390498105939,129510.30721956292
Privat,10120,2007,0.8256987225319262,128576.75395123076
Privat,10120,2008,0.8935329935153205,128222.14406628959
Privat,10120,2009,0.8434607834058575,121312.81433593626
Privat,10120,2010,0.8939297876676106,114839.56600995627
Privat,10120,2011,0.960974564285294,116248.33011685208
Privat,10120,2012,1.0067500882085563,113782.71367500613
Privat,10120,2013,1.0184111347085067,115475.37649405409
Privat,10120,2014,0.9845600578620759,116035.4844697365
Privat,10120,2015,0.9298336342598702,120012.76632491434
Privat,10120,2016,0.9312537000998184,120163.86298841273
Privat,10120,2017,0.982554667487179,123280.96584212908
Privat,10120,2018,0.9537275849958436,124949.89869990261
Privat,10120,2019,0.9881515582036613,124444.23015004452
Privat,10120,2020,1.0,129925.77905867089
Privat,10120,2021,1.0227723353192575,130073.00651373401
Privat,10120,2022,1.2457475780385254,129000.68570502313
Privat,Privat,1967,0.1441138708627799,474919.1754660957
Privat,Privat,1968,0.14815014533009394,483359.40407625906
Privat,Privat,1969,0.156638038192025,515989.8683366807
Privat,Privat,1970,0.16828342815517267,544530.9216203582
Privat,Privat,1971,0.17611000116633363,550986.8704606061
Privat,Privat,1972,0.18777598164502138,576065.6456651832
Privat,Privat,1973,0.21600955558946486,605427.1892269601
Privat,Privat,1974,0.2647492562233995,590781.9953472896
Privat,Privat,1975,0.2853938792821963,572288.4744574528
Privat,Privat,1976,0.30975788291842155,623577.582974432
Privat,Privat,1977,0.3341629412064631,634494.4601438534
Privat,Privat,1978,0.3531068948897318,652800.7799530769
Privat,Privat,1979,0.3811613503745169,684067.0712244869
Privat,Privat,1980,0.43277994681921833,679495.3322599089
Privat,Privat,1981,0.4945786064118963,657603.3917558528
Privat,Privat,1982,0.5479159952812981,655606.7973946173
Privat,Privat,1983,0.5828562463959137,666025.3814872495
Privat,Privat,1984,0.6093343835982882,717785.9375566704
Privat,Privat,1985,0.6299225973915009,765337.5180894978
Privat,Privat,1986,0.6083975075817841,828978.6988313213
Privat,Privat,1987,0.6058589193344122,839788.5190129529
Privat,Privat,1988,0.6187993994759781,844455.9918200494
Privat,Privat,1989,0.6624771793962881,837793.9518134203
Privat,Privat,1990,0.6697431139303099,854107.43045108
Privat,Privat,1991,0.679565696653373,850337.9926339675
Privat,Privat,1992,0.6837633290123465,860830.1188642802
Privat,Privat,1993,0.6714646880181455,872575.0318523447
Privat,Privat,1994,0.6848993306068368,916399.4279717174
Privat,Privat,1995,0.7032244494788287,953872.9628221228
Privat,Privat,1996,0.7118419044165406,983534.5143466017
Privat,Privat,1997,0.7285628819246096,1011973.6260048961
Privat,Privat,1998,0.7259025475463631,1049771.165506351
Privat,Privat,1999,0.726713111489887,1105251.554780749
Privat,Privat,2000,0.7569456459907017,1153330.4389700193
Privat,Privat,2001,0.7781608292770882,1196893.3186597947
Privat,Privat,2002,0.7785818826300503,1224210.3807686102
Privat,Privat,2003,0.7830435926471458,1210473.2113191443
Privat,Privat,2004,0.7947906022357212,1236440.0477180844
Privat,Privat,2005,0.8178046206035928,1346918.107712477
Privat,Privat,2006,0.8397428114224582,1437049.853975942
Privat,Privat,2007,0.8695392858139379,1498837.4048870704
Privat,Privat,2008,0.9153835040020335,1508875.4097622647
Privat,Privat,2009,0.8968788446153371,1360365.8890961031
Privat,Privat,2010,0.9254494372238288,1339416.3639321043
Privat,Privat,2011,0.9616644897128652,1385054.6096742353
Privat,Privat,2012,0.9825492152024936,1401871.338376419
Privat,Privat,2013,0.9828058189222,1394635.0676166064
Privat,Privat,2014,0.9783080374351022,1435787.8733859807
Privat,Privat,2015,0.96380060771218,1492401.7729794998
Privat,Privat,2016,0.9535096634959962,1551252.1080303679
Privat,Privat,2017,0.9784961393565131,1589254.2591923606
Privat,Privat,2018,0.9952820246940661,1621534.5616298702
Privat,Privat,2019,1.0061592854610322,1649266.377088907
Privat,Privat,2020,1.0,1627038.040468064
Privat,Privat,2021,1.0524287709913294,1727346.8184272833
Privat,Privat,2022,1.1892190664995674,1821460.0569735928
Privat,REST,1967,0.1275635566688315,408530.80878755165
Privat,REST,1968,0.13341467478733635,417417.0396615724
Privat,REST,1969,0.1406883494583529,458112.0934815825
Privat,REST,1970,0.15118584186599848,483273.9649323627
Privat,REST,1971,0.16095584332537366,487967.2168014873
Privat,REST,1972,0.16943005741331504,517274.7200358887
Privat,REST,1973,0.18636474710152923,545915.6876150523
Privat,REST,1974,0.2370380246288244,530540.4911983509
Privat,REST,1975,0.25850039104104905,510822.90166907257
Privat,REST,1976,0.27814213794669473,556964.25062142
Privat,REST,1977,0.29973821256565386,567992.123662443
Privat,REST,1978,0.31916984561412476,583174.7290603244
Privat,REST,1979,0.35063149576245334,603300.4400537746
Privat,REST,1980,0.40153622370328407,593463.240361515
Privat,REST,1981,0.45880740596473474,568662.6165047643
Privat,REST,1982,0.5089515113912718,570265.4781554404
Privat,REST,1983,0.5445970369117437,586047.648482391
Privat,REST,1984,0.5662645785128942,640860.0218711348
Privat,REST,1985,0.5928482242226736,685519.912348028
Privat,REST,1986,0.5749481990711903,750567.0884170489
Privat,REST,1987,0.5793389697543861,764165.8293926093
Privat,REST,1988,0.5908388234174418,771309.233742119
Privat,REST,1989,0.6295507515779124,766784.5675166654
Privat,REST,1990,0.6463540993380249,776476.5933824755
Privat,REST,1991,0.6599236244295508,774800.8348309038
Privat,REST,1992,0.6647928831329494,780334.8524276281
Privat,REST,1993,0.664241088199069,787196.8822392493
Privat,REST,1994,0.6773338626598528,837030.9414265711
Privat,REST,1995,0.6951402289323413,884734.7259202629
Privat,REST,1996,0.7027744715075742,924602.358090197
Privat,REST,1997,0.7194952565812999,953918.4782061377
Privat,REST,1998,0.7259902242695144,991155.9287621545
Privat,REST,1999,0.7311411520082504,1055365.6012192976
Privat,REST,2000,0.7579999110777773,1108245.293501594
Privat,REST,2001,0.7761231342615044,1157523.0381973432
Privat,REST,2002,0.7833958193130414,1178495.3845255154
Privat,REST,2003,0.7907453742361813,1162594.5775907931
Privat,REST,2004,0.8020280815468767,1193118.1427937998
Privat,REST,2005,0.8236867970417843,1307423.745090389
Privat,REST,2006,0.8456485910135613,1399593.375433899
Privat,REST,2007,0.8712181611000602,1464842.2141727011
Privat,REST,2008,0.9118758993610214,1482691.7404743538
Privat,REST,2009,0.903123958507498,1343766.5618925379
Privat,REST,2010,0.927912012578473,1328038.3924147463
Privat,REST,2011,0.9578301282297232,1365128.8618569425
Privat,REST,2012,0.9754169359877004,1391989.8892787944
Privat,REST,2013,0.9745709031703984,1381952.5081633513
Privat,REST,2014,0.9745691555560958,1426321.160908433
Privat,REST,2015,0.9643635885632811,1479309.9024059616
Privat,REST,2016,0.9547131839756574,1543511.2345478362
Privat,REST,2017,0.9770465740739047,1579038.1076725966
Privat,REST,2018,0.9963579458907272,1612240.7121781742
Privat,REST,2019,1.0049462211600277,1642902.0397579966
Privat,REST,2020,1.0,1619488.8227738612
Privat,REST,2021,1.050562949416535,1728922.8289819714
Privat,REST,2022,1.1689508758477596,1822622.9268513725
REST,01000,1967,0.12905156900223758,24212.281501899968
REST,01000,1968,0.13546283160938946,24521.907183254272
REST,01000,1969,0.13890254178922115,24316.618631023943
REST,01000,1970,0.14697009814969533,24700.403614866304
REST,01000,1971,0.1544674461576091,25343.59865384481
REST,01000,1972,0.1700469313906192,26148.67361765606
REST,01000,1973,0.19613461306179264,27183.027738654302
REST,01000,1974,0.2390731193717277,25286.411927644494
REST,01000,1975,0.2714524094242968,23886.978561530228
REST,01000,1976,0.28113120969502176,25801.882834785178
REST,01000,1977,0.29541045453750836,25659.085528890148
REST,01000,1978,0.3142435283370225,27612.974296671004
REST,01000,1979,0.3454610564965509,28449.23911135684
REST,01000,1980,0.39497132459705114,27564.921120166095
REST,01000,1981,0.4533540706661607,26388.55106666798
REST,01000,1982,0.5053891518726851,27366.303381974623
REST,01000,1983,0.5331236376392706,28148.096298393753
REST,01000,1984,0.5545796712164955,29433.855830066757
REST,01000,1985,0.5622746485173437,29556.500333286094
REST,01000,1986,0.5526164873184026,29591.107548320037
REST,01000,1987,0.5139772594362604,31657.561775357906
REST,01000,1988,0.5351814189767437,32326.874347901627
REST,01000,1989,0.5740670183367382,30992.182141013738
REST,01000,1990,0.569297060453182,31990.547063144808
REST,01000,1991,0.5821320684968718,31010.724812402746
REST,01000,1992,0.5884339968460147,31123.89955829094
REST,01000,1993,0.563993535910794,32575.667566718475
REST,01000,1994,0.5783714315573434,30957.79130919209
REST,01000,1995,0.5872946822266388,29475.72504437773
REST,01000,1996,0.5895479651202485,29157.62962459883
REST,01000,1997,0.6061946035828337,30784.784171764306
REST,01000,1998,0.5912593348782116,31131.52208113908
REST,01000,1999,0.593125408836546,31444.60244545862
REST,01000,2000,0.6221169438977407,29870.55746548541
REST,01000,2001,0.6560897974614297,28292.565152432147
REST,01000,2002,0.6878575187162044,28009.189774768172
REST,01000,2003,0.6975897257507861,26556.091354208773
REST,01000,2004,0.7102132603834306,26306.097027930187
REST,01000,2005,0.7786812848583281,26947.011772276215
REST,01000,2006,0.7903570050450676,27761.452941181324
REST,01000,2007,0.8239136668594605,27117.87821342828
REST,01000,2008,0.9204570787114923,28326.669972765827
REST,01000,2009,0.9152909789533707,27441.91314297603
REST,01000,2010,0.9537287214309611,27030.291014207778
REST,01000,2011,1.008067980381242,26760.581935919934
REST,01000,2012,1.012480995151913,26767.825331733595
REST,01000,2013,1.004086293835432,28026.144988753156
REST,01000,2014,1.018524340995124,27056.485499262588
REST,01000,2015,1.0197665464932804,27727.156650337936
REST,01000,2016,0.9769604148783214,27262.11564191855
REST,01000,2017,0.9984294114039727,27614.70609313611
REST,01000,2018,1.023676915462531,26564.36180439797
REST,01000,2019,1.036518120493557,25069.299494758703
REST,01000,2020,1.0,26472.793932681318
REST,01000,2021,1.084136070530634,26630.45086322892
REST,01000,2022,1.3719210552459087,25295.3738450521
REST,10120,1967,0.154702782590569,14997.059255623548
REST,10120,1968,0.15792156765257193,17317.515276010243
REST,10120,1969,0.16648898972917553,17718.32782948276
REST,10120,1970,0.17837462994820508,18852.84782398137
REST,10120,1971,0.18337972878753792,21081.749099143144
REST,10120,1972,0.19935880563626443,22128.368661860924
REST,10120,1973,0.24365070417291831,21515.207194392657
REST,10120,1974,0.29844806153623404,23242.772386220477
REST,10120,1975,0.29205593168231087,22411.144718871816
REST,10120,1976,0.32288265451350356,24179.072108717603
REST,10120,1977,0.3605732758720639,24086.38923191125
REST,10120,1978,0.3698009482993002,24480.794546566438
REST,10120,1979,0.3933005309378453,26021.191858443563
REST,10120,1980,0.45468309103814303,28145.825702665024
REST,10120,1981,0.517240948492257,28377.307162650584
REST,10120,1982,0.5547509988413367,29428.42077573523
REST,10120,1983,0.5965311301597954,28941.095384524386
REST,10120,1984,0.6211334018607279,30764.75292689592
REST,10120,1985,0.635373289719515,30739.438382909957
REST,10120,1986,0.611103752376035,33018.04317976648
REST,10120,1987,0.6012860615862368,34950.78694564911
REST,10120,1988,0.6154523326674827,34339.64699433967
REST,10120,1989,0.6607206098036129,34780.09789379857
REST,10120,1990,0.6796457171087218,36841.55893251417
REST,10120,1991,0.6926836841723762,37934.68579635668
REST,10120,1992,0.6805780790100695,38019.29934998053
REST,10120,1993,0.6747499548270469,37876.63170172639
REST,10120,1994,0.6934923680188322,39432.06191973338
REST,10120,1995,0.7078202106859668,37327.63510124198
REST,10120,1996,0.7115218886830919,37577.96188237822
REST,10120,1997,0.7259777732203212,37424.553906511974
REST,10120,1998,0.7413209153442052,38056.36801999814
REST,10120,1999,0.73302755266381,38858.06435425514
REST,10120,2000,0.7501132853579631,39169.73685243599
REST,10120,2001,0.7778102641258143,39340.16978555516
REST,10120,2002,0.7760607677638679,41093.18399656641
REST,10120,2003,0.7763983755825317,40985.86207718942
REST,10120,2004,0.7816387177904446,40707.73591031415
REST,10120,2005,0.8342076744221993,43209.278491475256
REST,10120,2006,0.8523968240199502,43821.58667975108
REST,10120,2007,0.8808950235396511,42039.381404492335
REST,10120,2008,0.9198864188795454,42876.27454970412
REST,10120,2009,0.9080790881356571,41520.417052440826
REST,10120,2010,0.9470788375921415,37719.846904980026
REST,10120,2011,0.9849780465975145,39143.57072268016
REST,10120,2012,1.0094816456441247,37451.21094705131
REST,10120,2013,1.009263096283796,37697.16818513915
REST,10120,2014,0.9983590851094475,37115.35558939811
REST,10120,2015,0.9846987057598875,38927.76160331663
REST,10120,2016,0.9771379091959248,42432.289492343916
REST,10120,2017,0.9857788978528609,44278.890936912874
REST,10120,2018,0.9924801264742921,44972.280978859824
REST,10120,2019,1.0030618296516944,43267.04742354229
REST,10120,2020,1.0,46500.19670755992
REST,10120,2021,1.0675375390017048,45637.040740332544
REST,10120,2022,1.2619188571676616,45441.854795511215
REST,Privat,1967,0.125224209638923,414049.7065094533
REST,Privat,1968,0.13046691568072347,424536.80506605085
REST,Privat,1969,0.1376364038415941,462727.4131212788
REST,Privat,1970,0.1479372092829635,487636.2557807962
REST,Privat,1971,0.15700539479048617,491718.9356435599
REST,Privat,1972,0.1662728266359471,519274.2244871959
REST,Privat,1973,0.18513192055268404,547661.1983708884
REST,Privat,1974,0.2364330798543855,531989.162956948
REST,Privat,1975,0.25675440204192457,507896.5971372753
REST,Privat,1976,0.27617608818590533,556183.7940457416
REST,Privat,1977,0.2975126975838714,564028.2803874054
REST,Privat,1978,0.31556306698167413,577319.5480560611
REST,Privat,1979,0.34700359516257084,597252.7308362473
REST,Privat,1980,0.39765516418969693,586836.2892805758
REST,Privat,1981,0.45564814612462556,563113.5843579189
REST,Privat,1982,0.5045332028714202,565789.1403291135
REST,Privat,1983,0.5399134342689555,580428.4730892027
REST,Privat,1984,0.5632073584384423,638289.7114592785
REST,Privat,1985,0.5888911145252618,680048.0964585346
REST,Privat,1986,0.5707090978578234,742060.012039346
REST,Privat,1987,0.5719415801768281,755990.6870889422
REST,Privat,1988,0.5839600135939377,765484.7326056695
REST,Privat,1989,0.6243574431325095,759944.0554826943
REST,Privat,1990,0.6410838696430263,770303.7969522028
REST,Privat,1991,0.6549496567488787,767157.6304734864
REST,Privat,1992,0.6586294795990988,770484.7665189455
REST,Privat,1993,0.6563185898448897,765370.7278584089
REST,Privat,1994,0.6709631580026227,810351.9039485938
REST,Privat,1995,0.6904533876461871,848078.483463232
REST,Privat,1996,0.6977767619016764,882967.5506560599
REST,Privat,1997,0.7144391582888868,913940.7465491508
REST,Privat,1998,0.7198833692672922,944854.9155866622
REST,Privat,1999,0.7253035936103169,1002147.8326744474
REST,Privat,2000,0.7526113203832323,1048183.437617861
REST,Privat,2001,0.7708749617566396,1092006.0977951013
REST,Privat,2002,0.7760361850045036,1111693.8561258472
REST,Privat,2003,0.784125590345624,1095541.5129861368
REST,Privat,2004,0.795045969906854,1119010.3433992672
REST,Privat,2005,0.8220623129643233,1231883.1104572609
REST,Privat,2006,0.8443174485234538,1320747.156059079
REST,Privat,2007,0.8717847832847949,1377124.4193149665
REST,Privat,2008,0.9143670681863496,1391775.8370038692
REST,Privat,2009,0.9018680343126685,1247957.5193681107
REST,Privat,2010,0.9291494033894271,1232183.805201988
REST,Privat,2011,0.9610911724984782,1276212.1944288465
REST,Privat,2012,0.9793677903951028,1295112.5091274849
REST,Privat,2013,0.9780551620309293,1285259.2246276292
REST,Privat,2014,0.9772462714831991,1323237.4421618998
REST,Privat,2015,0.9669875822544577,1375600.7787908781
REST,Privat,2016,0.9562145432055942,1437742.0656311784
REST,Privat,2017,0.9789151276010799,1471787.545010581
REST,Privat,2018,0.9993524362089522,1500787.5485951146
REST,Privat,2019,1.0079330324084033,1527856.4385370896
REST,Privat,2020,1.0,1503727.912245423
REST,Privat,2021,1.0555186587116367,1601250.5591175903
REST,Privat,2022,1.1855897109438316,1695155.4610688349
REST,REST,1967,0.12230475469828375,418013.2743526743
REST,REST,1968,0.12831971851843482,427807.0205713525
REST,REST,1969,0.13550506470120197,470156.02611807804
REST,REST,1970,0.14584523703842447,496990.4999309388
REST,REST,1971,0.15580998092061005,498127.83485736506
REST,REST,1972,0.16416763858937314,527446.8164710198
REST,REST,1973,0.18028577785854888,557724.9566913391
REST,REST,1974,0.2300078987244736,543176.5961953781
REST,REST,1975,0.2517344247692307,522048.0189585133
REST,REST,1976,0.27084479917569443,568757.7967477812
REST,REST,1977,0.291684360648875,577049.3560836051
REST,REST,1978,0.31104288669178054,593258.2274509289
REST,REST,1979,0.34224227481940395,613441.1845866009
REST,REST,1980,0.3925341865335093,602143.7800367498
REST,REST,1981,0.4494809245235032,577525.2567382079
REST,REST,1982,0.4991389595290901,577616.2165951153
REST,REST,1983,0.5344512700467977,591833.2145889127
REST,REST,1984,0.5553391918406752,649788.2607716247
REST,REST,1985,0.5823488297106141,692589.2027609941
REST,REST,1986,0.5655899417169612,756145.6143912195
REST,REST,1987,0.5713841129760215,770200.639862383
REST,REST,1988,0.5838904866656119,775901.8621900987
REST,REST,1989,0.6225917098133905,772181.6071688562
REST,REST,1990,0.6407981303969994,780326.2278854825
REST,REST,1991,0.6555565063783594,779484.9055583214
REST,REST,1992,0.6611052384983418,785799.7828762305
REST,REST,1993,0.6609478808873127,790036.2938850338
REST,REST,1994,0.6739599632033363,839258.7335476842
REST,REST,1995,0.6917327718693476,886505.7441215202
REST,REST,1996,0.6995295251895425,926261.9993642168
REST,REST,1997,0.7162442217867779,956905.7394867567
REST,REST,1998,0.7232202862933484,990447.2807483303
REST,REST,1999,0.7292406945601441,1054437.3378653708
REST,REST,2000,0.7561368843416565,1105640.1366126784
REST,REST,2001,0.774144182569218,1156623.884716396
REST,REST,2002,0.7813433045985917,1176659.5616174643
REST,REST,2003,0.7891671666787082,1164127.0905853917
REST,REST,2004,0.8002432184197866,1194747.1732159657
REST,REST,2005,0.8216122318986595,1313438.08979628
REST,REST,2006,0.8433655023902689,1407418.5216451238
REST,REST,2007,0.8683548047769934,1468080.2890684293
REST,REST,2008,0.9089822360581947,1489286.7753831455
REST,REST,2009,0.9015339547478509,1352215.5279542443
REST,REST,2010,0.9265164136930973,1339739.5533490828
REST,REST,2011,0.9551256621329561,1376799.2661722435
REST,REST,2012,0.9730467916146527,1403743.6834940435
REST,REST,2013,0.9732532761072547,1391326.3308703147
REST,REST,2014,0.9735220567101805,1434501.5351238172
REST,REST,2015,0.9637736214977383,1488441.9583607195
REST,REST,2016,0.954498062823501,1553302.364734738
REST,REST,2017,0.9767056613801629,1587909.8478851423
REST,REST,2018,0.9962344311119495,1620086.1305924319
REST,REST,2019,1.0045328027153144,1649675.0417595755
REST,REST,2020,1.0,1627692.3947406262
REST,REST,2021,1.0505338154925081,1736646.2465667464
REST,REST,2022,1.166880350672849,1830991.392784062
